{
    "url": "https://agenciagov.ebc.com.br/noticias/202409/rayane-soares-ganha-ouro-e-bate-o-recorde-mundial-nos-400m",
    "titulo": "Rayane Soares ganha ouro e bate o recorde mundial nos 400m",
    "descricao": "Rayane completou o percurso em 53s55, superando os 54s46 da estadunidense Marla Runyan, que durava desde 2 de janeiro de 1995, há quase 30 anos",
    "tags": [],
    "texto": "A corredora maranhense \nRayane Soares\n, 27, se tornou campeã paralímpica neste sábado, 7, ao vencer os 400m da classe T13 (deficiências visuais) no atletismo. Além da medalha de ouro, Rayane quebrou o recorde mundial da prova, uma marca que durava desde 1995.\n\n\nRayane completou o percurso em 53s55, superando os 54s46 da estadunidense Marla Runyan, que durava desde 2 de janeiro de 1995, há quase 30 anos. A prata neste sábado, no Stade de France, ficou com Lamiya Valiyeva, do Azerbaijão, que completou a prova em 55s09, e o bronze ficou para a portuguesa Carolina Duarte, com o tempo de 55s52.\n\n\nEssa foi a segunda medalha de Rayane nos Jogos de Paris, e sua segunda paralímpica. Ela conquistou a prata nos 100m da classe T13, prova realizada na terça-feira, 3.\n\n\nA atleta esteve nos Jogos Paralímpicos de Tóquio 2020 e teve um ciclo muito bom para chegar a Paris. Ela foi ouro nos 200m, prata nos 100m e bronze nos 400m no Mundial de Kobe 2024; ouro nos 100m e 400m nos Jogos Parapan-Americanos de Santiago 2023, e bronze nos 400m no Mundial Paris 2023.\n\n\nRayane nasceu cega por causa de uma microftalmia bilateral congênita, que é a má-formação nos globos oculares. Ela entrou no esporte paralímpico em 2015.\n\n\nPor CPB",
    "data": "2024-09-07T11:13:26-03:00"
}