{
    "url": "https://agenciagov.ebc.com.br/noticias/202409/brasil-conquista-a-50a-medalha-nos-jogos-de-paris-em-estreia-do-halterofilismo",
    "titulo": "Brasil conquista a 50ª medalha nos Jogos Paralímpicos em estreia do halterofilismo",
    "descricao": "A mineira Lara Lima garantiu o bronze na categoria até 41kg na estreia do halterofilismo nos Jogos Paralímpicos de Paris 2024",
    "tags": [
        "Jogos Paralímpicos, halterofilismo, Paris 2024"
    ],
    "texto": "Na estreia do halterofilismo nos Jogos Paralímpicos de Paris 2024, a mineira Lara Lima ficou com o bronze na categoria até 41 quilos, na manhã desta quarta-feira (4/9). A brasileira levantou 109 quilos no supino e ficou atrás da chinesa Zhe Cui, que bateu o recorde paralímpico da prova com 119 quilos, e da nigeriana Esther Nworgu, prata com 118 quilos levantados.\n\n\nEsse foi o primeiro pódio de Lara em Jogos Paralímpicos. Ela bateu o recorde das Américas, que era da própria Lara, com 107 quilos levantados em Tbilisi, na etapa da Copa do Mundo da Geórgia, em junho.\n\n\n“Esse bronze tem sabor de ouro, chega com muita dedicação, muito trabalho. Pessoas incríveis me ajudaram, minha mãe, minha irmã. Minha mãe merece essa medalha tanto quanto eu, é muito bom poder levar essa medalha para elas. Foco nos meus movimentos e, para 2028 (nos Jogos de Los Angeles), pretendo subir um nível”, disse Lara.\n\n\n“Tão importante quando o nosso apoio, com as condições que o Programa Bolsa Atleta assegura, é o apoio da família que também tem papel fundamental para fortalecer o emocional dos nossos representantes em Paris. Uma medalha que vem com a marca do nosso esforço, parabéns, Lara”, comemorou o ministro do Esporte, André Fufuca.",
    "data": "2024-09-04T17:25:50-03:00"
}