{
    "url": "https://agenciagov.ebc.com.br/noticias/202411/abcd-participa-dos-jogos-da-juventude-em-joao-pessoa-com-a-estacao-jogolimpo",
    "titulo": "Autoridade de Dopagem participa dos Jogos da Juventude com a Estação #JogoLimpo",
    "descricao": "O estande ficará montado durante toda a competição, de 13 a 28 de novembro",
    "tags": [
        "Ministério do Esporte (MEsp), Jogos da Juventude"
    ],
    "texto": "A Autoridade Brasileira de Controle de Dopagem (ABCD) participa dos Jogos da Juventude 2024, realizados em João Pessoa (PB), com a Estação #JogoLimpo, até 28 de novembro. No espaço, a entidade recebe atletas e funciona como base de apoio para eles.\n\n\nServidores da ABCD no estande fazem abordagens sobre valores do esporte, a plataforma check jogo limpo, procedimentos de solicitação de autorização de uso terapêutico, e lista de substâncias e métodos proibidos.\n\n\nPara a presidente da ABCD, Adriana Taboza, a possibilidade de educar jovens atletas é a melhor oportunidade para a construção de um ambiente esportivo íntegro e saudável.\n\n\n\n\n“Os Jogos da Juventude proporcionam para centenas de jovens a chance de aprender brincando sobre os valores do esporte e o jogo limpo. Educar para não punir. Essa é a premissa e o caminho, afirma a presidente\n\n\n\n\nLeia também: \nCerimônia abre Jogos da Juventude em João Pessoa (PB)\n\n\nAtletas que assistem às exposições das ABCD recebem no fim das palestras um item da Campanha #JogoLimpo, que pode ser um boné ou camisa ou garrafinha ou bóton ou sacochila ou toalhinha.\n\n\nNa estação também há brincadeiras, como mira ao alvo #JogoLimpo e um quiz da Agência Mundial Antidoping (WADA, na sigla em inglês) sobre antidopagem.",
    "data": "2024-11-18T12:34:38-03:00"
}