{
    "url": "https://agenciagov.ebc.com.br/noticias/202410/brasil-esta-na-final-e-sonha-com-o-hexacampeonato-da-copa-do-mundo-de-futsal",
    "titulo": "Brasil está na final e sonha com o hexacampeonato da Copa do Mundo de Futsal",
    "descricao": "O Brasil retorna agora a disputar o título mundial após um jogo difícil, que terminou com a vitória da seleção brasileira pelo placar de 3 x 2 sobre a seleção Ucraniana",
    "tags": [],
    "texto": "Na tarde desta quarta-feira (2/10) a Seleção Brasileira de Futsal masculina derrotou a seleção da Ucrânia na Humo Arena em Tashkent, Uzbequistão e classificou-se para a final da Copa do Mundo de futsal pela 6ª vez na história do torneio.\n\n\nO Brasil, que havia ficado de fora da decisão nas últimas duas edições da competição, retorna agora a disputar o título mundial após um jogo difícil, que terminou com a vitória da seleção brasileira pelo placar de 3 x 2 sobre a seleção Ucraniana. Dois dos gols da partida foram marcados pelo capitão da equipe Dyego e o terceiro, foi um gol contra.\n\n\nA final ocorrerá no domingo (6/10) às 12:00, na Humo Arena. O adversário do Brasil será o vencedor da partida entre Argentina e França, também na Humo Arena, na quinta-feira (3/10) às 12:00.",
    "data": "2024-10-02T20:19:18-03:00"
}