{
    "url": "https://agenciagov.ebc.com.br/noticias/202410/ministerio-do-esporte-repudia-atos-de-violencia-entre-torcedores-do-palmeiras-e-do-cruzeiro",
    "titulo": "Ministério do Esporte repudia atos de violência entre torcedores do Palmeiras e do Cruzeiro",
    "descricao": "Em nome do espírito esportivo e da integridade das competições, o Ministério do Esporte reitera seu compromisso de fortalecer iniciativas de prevenção à violência e de promoção da convivência pacífica",
    "tags": [],
    "texto": "O Ministério do Esporte manifesta seu mais profundo repúdio aos atos de violência registrados entre as torcidas organizadas do Palmeiras e do Cruzeiro neste domingo (27/10), em Mairiporã, na Grande São Paulo. Lamentamos profundamente que o futebol, que deve ser uma expressão de paixão, união e celebração esportiva, seja manchado por episódios de violência e desrespeito.\n\n\nDiante desse momento de dor e tristeza, manifestamos nosso pesar e desejamos conforto aos familiares e amigos do torcedor José Victor Miranda, de 30 anos, e das outras 17 vítimas feridas nesse episódio criminoso.\n\n\nCondenamos veementemente esses atos e expressamos total apoio às autoridades competentes na investigação e responsabilização dos envolvidos. É essencial que todos – torcedores, clubes, federações e organizadores – atuem de forma conjunta para combater a violência e promover a cultura paz nos estádios e fora deles.\n\n\nEm nome do espírito esportivo e da integridade das competições, o Ministério do Esporte reitera seu compromisso de fortalecer iniciativas de prevenção à violência e de promoção da convivência pacífica. A violência, seja física ou verbal, não tem lugar no ambiente esportivo e não será tolerada.",
    "data": "2024-10-27T19:17:27-03:00"
}