{
    "url": "https://agenciagov.ebc.com.br/noticias/202410/maranhense-com-sindrome-de-down-conquista-o-ouro-nos-jogos-universitarios-em-brasilia",
    "titulo": "Maranhense com síndrome de Down conquista o ouro nos Jogos Universitários",
    "descricao": "O maior sonho do nadador, que coleciona medalhas em diferentes campeonatos, é participar dos próximos Jogos Paralímpicos",
    "tags": [],
    "texto": "O nadador maranhense Davi Hermes conquistou o ouro nas provas de 200 m livre e 100 m borboleta na 71ª edição dos Jogos Universitários Brasileiros, em Brasília, que começaram no dia 8 de outubro. Davi é o primeiro atleta com síndrome de Down a ganhar uma medalha de ouro, nos JUBs. A competição aconteceu na piscina do Complexo Aquático Cláudio Coutinho, na quarta-feira (9/10). O atleta é representante do Centro de Ensino Unificado do Maranhão (Ceuma).\n\n\n“Eu gosto muito de tudo que acontece aqui e pra mim é uma emoção muito grande participar dessa festa e evoluir na natação”, disse Davi. Muito feliz e com muita disposição, ele comemorou a vitória bastante emocionado com os amigos e familiares.\n\n\nO pai e apoiador de treinos, George Oliveira, destacou que o filho começou na natação com apenas três meses como atividade para desenvolvimento e socialização. “Depois de crescido, Davi entrou na média de atletas adolescentes aos 11 anos e começou a competir aos 12 anos. De lá para cá, participou de eventos regionais no Maranhão e em outros estados pela Confederação Nacional do Desporto Universitário (CBDU)”, afirmou George.\n\n\nO atleta foi bicampeão nas edições de 2022 e 2023 dos JUBs, pentacampeão do ParaJems, bicampeão nas Paralimpíadas Escolares 2017 e 2019, tricampeão dos Jogos Universitários Maranhenses 2022, 2023 e 2024, campeão do Meeting Brasileiro de natação 2019, 2021, 2022, 2023 e 2024, campeão brasileiro de natação 2018, 2019, 2021, 2022, 2023 e 2024 e campeão mundial no Canadá 2018 (dois ouros e um bronze).\n\n\nEle também possui várias quebras de recordes, 19 delas na categoria júnior, entre as quais o recorde mundial nos 200m borboleta. Também quebrou dois recordes na categoria sênior nos Jogos Pan-Americanos. O principal objetivo do atleta na atualidade, segundo ele, é realizar o sonho de participar dos Jogos Paralímpicos.\n\n\nCom aproximadamente 7 mil participantes de todos os estados e do Distrito Federal, os JUBS estão consolidados como o maior evento do esporte universitário da América Latina, reúne 375 instituições de ensino superior e 31 modalidades esportivas.\n\n\nPor Ministério do Esporte",
    "data": "2024-10-13T10:28:18-03:00"
}